,time,location,station,text,matches,row_to_use,use_row,climate_words_found
0,2021-12-30 6:49 PM,Phoenix (Prescott),KPHO,"have been destroyed. ap, the associated press is reporting the number at 580 homes. there are no deaths or injuries reported yet, but the evacuations happened so fast, they believe that people were caught unfortunately in this fast moving brushfire. again, let me give you the location of this-fire-and what has changed within the last 20 minutes. denver, colorado, i-25, i-70. this, to you and me looks like rain and snow. it's not. this is the smoke plume from the fires. remember how we can measure on radar the smoke plumes on our big fires. this is a smoke plume. here's the fire, northwest of denver, look how long the smoke plume is stretching, 92 miles. this is a big national story developing right in front of us here. there's denver, superior, the town that was evacuated, that's roughly 18 miles and the fire",[0],0,True,['report']
1,2021-12-30 6:48 PM,Phoenix (Prescott),KPHO,"kusa, the nbc affiliate in denver, this is in jefferson and boulder counties, these are areas and communities northwest of denver, roughly about 20 miles northwest of denver. what has happened up there is the weather turned pretty windy. when i say pretty windy, wind gusts 80 to 100 miles an hour. this is the foothills area of colorado. not up in the rockies. it's the very wide ranging grasslands. what happened was they believe winds knocked down power lines, caught the grasses on-fire-and it's been amazingly dry up there all november and much of december, and being if, this went off like a tinderbox. it's grown to 1600 acres. we've had two towns evacuated and we're now getting reports from the sheriff's departments of jefferson and boulder counties that hundreds of homes",[1],1,True,['report']
2,2021-12-30 6:37 PM,Ft. Myers-Naples,WINK,"several communities were evacuated because of flooding like this, and the risk of mudslides, major. >> garrett: jonathan vigliotti, thank you. next to cbs's lonnie quinn with the forecast. lonnie, good evening. >> reporter: good evening to you, major. toughest weather anywhere in the country in colorado today. thes wind gust 115 miles per hour. currently the winds are gusting around 60 miles an hour, down to te 50s, 40 miles per hour through the overnight hours. still it's really hard to fight any-fire-burning out there and no help from mother nature. more wind and rain. where the rain is falling from georgia to south carolina, severe thunderstorm threat for that area till 9:00 p.m. new year's eve, i'm going to focus from nashville to memphis, arkansas. new year's eve, that's where you have a risk for severe weather. into nears day, snowfall anywhere from kansas city through portions of the great lakes, detroit is cold as","[2, 3, 4, 5, 6, 7, 8, 9, 10, 11, 12, 13, 14, 15, 16, 17, 18, 19, 20, 21, 22, 23, 24, 25, 26, 27, 28, 29, 30, 31, 32, 33, 34, 35, 36, 37, 40, 48, 49, 50, 51, 52, 53, 54, 55, 56, 57, 58, 59, 60, 61, 62, 63, 64, 70]",14,False,"['report', 'severe']"
3,2021-12-30 6:37 PM,Greensboro-H.Point-W.Salem,WFMY,"the evening ending overnight. several communities were evacuated because of flooding like this, and the risk of mudslides, major. >> garrett: jonathan vigliotti, thank you. next to cbs's lonnie quinn with the forecast. lonnie, good evening. >> reporter: good evening to you, major. toughest weather anywhere in the country in colorado today. thes wind gust 115 miles per hour. currently the winds are gusting around 60 miles an hour, down to te 50s, 40 miles per hour through the overnight hours. still it's really hard to fight any-fire-burning out there and no help from mother nature. more wind and rain. where the rain is falling from georgia to south carolina, severe thunderstorm threat for that area till 9:00 p.m. new year's eve, i'm going to focus from nashville to memphis, arkansas. new year's eve, that's where you have a risk for severe weather. into nears day, snowfall anywhere from kansas city through portions of the","[2, 3, 4, 5, 6, 7, 8, 9, 10, 11, 12, 13, 14, 15, 16, 17, 18, 19, 20, 21, 22, 23, 24, 25, 26, 27, 28, 29, 30, 31, 32, 33, 34, 35, 36, 37, 40, 48, 49, 50, 51, 52, 53, 54, 55, 56, 57, 58, 59, 60, 61, 62, 63, 64, 70]",14,False,"['report', 'severe']"
4,21-12-30 6:37 PM,Atlanta,WGCL,"the evening ending overnight. several communities were evacuated because of flooding like this, and the risk of mudslides, major. >> garrett: jonathan vigliotti, thank you. next to cbs's lonnie quinn with the forecast. lonnie, good evening. >> reporter: good evening to you, major. toughest weather anywhere in the country in colorado today. thes wind gust 115 miles per hour. currently the winds are gusting around 60 miles an hour, down to te 50s, 40 miles per hour through the overnight hours. still it's really hard to fight any-fire-burning out there and no help from mother nature. more wind and rain. where the rain is falling from georgia to south carolina, severe thunderstorm threat for that area till 9:00 p.m. new year's eve, i'm going to focus from nashville to memphis, arkansas. new year's eve, that's where you have a risk for severe weather. into nears day, snowfall anywhere from kansas city through portions of the great lakes, detroit is cold as","[2, 3, 4, 5, 6, 7, 8, 9, 10, 11, 12, 13, 14, 15, 16, 17, 18, 19, 20, 21, 22, 23, 24, 25, 26, 27, 28, 29, 30, 31, 32, 33, 34, 35, 36, 37, 40, 48, 49, 50, 51, 52, 53, 54, 55, 56, 57, 58, 59, 60, 61, 62, 63, 64, 70]",14,False,"['report', 'severe']"
5,2021-12-30 6:37 PM,Orlando-Daytona Bch-Melbrn,WKMG,"the evening ending overnight. several communities were evacuated because of flooding like this, and the risk of mudslides, major. >> garrett: jonathan vigliotti, thank you. next to cbs's lonnie quinn with the forecast. lonnie, good evening. >> reporter: good evening to you, major. toughest weather anywhere in the country in colorado today. thes wind gust 115 miles per hour. currently the winds are gusting around 60 miles an hour, down to te 50s, 40 miles per hour through the overnight hours. still it's really hard to fight any-fire-burning out there and no help from mother nature. more wind and rain. where the rain is falling from georgia to south carolina, severe thunderstorm threat for that area till 9:00 p.m. new year's eve, i'm going to focus from nashville to memphis, arkansas. new year's eve, that's where you have a risk for severe weather. into nears day, snowfall anywhere from kansas city through portions of the","[2, 3, 4, 5, 6, 7, 8, 9, 10, 11, 12, 13, 14, 15, 16, 17, 18, 19, 20, 21, 22, 23, 24, 25, 26, 27, 28, 29, 30, 31, 32, 33, 34, 35, 36, 37, 40, 48, 49, 50, 51, 52, 53, 54, 55, 56, 57, 58, 59, 60, 61, 62, 63, 64, 70]",14,False,"['report', 'severe']"
6,2021-12-30 6:37 PM,New York,WCBS,"several communities were evacuated because of flooding like this, and the risk of mudslides, major. >> garrett: jonathan vigliotti, thank you. next to cbs's lonnie quinn with the forecast. lonnie, good evening. >> reporter: good evening to you, major. toughest weather anywhere in the country in colorado today. thes wind gust 115 miles per hour. currently the winds are gusting around 60 miles an hour, down to te 50s, 40 miles per hour through the overnight hours. still it's really hard to fight any-fire-burning out there and no help from mother nature. more wind and rain. where the rain is falling from georgia to south carolina, severe thunderstorm threat for that area till 9:00 p.m. new year's eve, i'm going to focus from nashville to memphis, arkansas. new year's eve, that's where you have a risk for severe weather. into nears day, snowfall anywhere from kansas city through portions of the great lakes, detroit is cold as","[2, 3, 4, 5, 6, 7, 8, 9, 10, 11, 12, 13, 14, 15, 16, 17, 18, 19, 20, 21, 22, 23, 24, 25, 26, 27, 28, 29, 30, 31, 32, 33, 34, 35, 36, 37, 40, 48, 49, 50, 51, 52, 53, 54, 55, 56, 57, 58, 59, 60, 61, 62, 63, 64, 70]",14,False,"['report', 'severe']"
7,2021-12-30 6:37 PM,Detroit,WWJ,"the evening ending overnight. several communities were evacuated because of flooding like this, and the risk of mudslides, major. >> garrett: jonathan vigliotti, thank you. next to cbs's lonnie quinn with the forecast. lonnie, good evening. >> reporter: good evening to you, major. toughest weather anywhere in the country in colorado today. thes wind gust 115 miles per hour. currently the winds are gusting around 60 miles an hour, down to te 50s, 40 miles per hour through the overnight hours. still it's really hard to fight any-fire-burning out there and no help from mother nature. more wind and rain. where the rain is falling from georgia to south carolina, severe thunderstorm threat for that area till 9:00 p.m. new year's eve, i'm going to focus from nashville to memphis, arkansas. new year's eve, that's where you have a risk for severe weather. into nears day, snowfall anywhere from kansas city through portions of the great lakes, detroit is cold as","[2, 3, 4, 5, 6, 7, 8, 9, 10, 11, 12, 13, 14, 15, 16, 17, 18, 19, 20, 21, 22, 23, 24, 25, 26, 27, 28, 29, 30, 31, 32, 33, 34, 35, 36, 37, 40, 48, 49, 50, 51, 52, 53, 54, 55, 56, 57, 58, 59, 60, 61, 62, 63, 64, 70]",14,False,"['report', 'severe']"
8,2021-12-30 6:37 PM,Boston (Manchester),WBZ,"the evening ending overnight. several communities were evacuated because of flooding like this, and the risk of mudslides, major. >> garrett: jonathan vigliotti, thank you. next to cbs's lonnie quinn with the forecast. lonnie, good evening. >> reporter: good evening to you, major. toughest weather anywhere in the country in colorado today. thes wind gust 115 miles per hour. currently the winds are gusting around 60 miles an hour, down to te 50s, 40 miles per hour through the overnight hours. still it's really hard to fight any-fire-burning out there and no help from mother nature. more wind and rain. where the rain is falling from georgia to south carolina, severe thunderstorm threat for that area till 9:00 p.m. new year's eve, i'm going to focus from nashville to memphis, arkansas. new year's eve, that's where you have a risk for severe weather. into nears day, snowfall anywhere from kansas city through portions of the great lakes, detroit is cold as","[2, 3, 4, 5, 6, 7, 8, 9, 10, 11, 12, 13, 14, 15, 16, 17, 18, 19, 20, 21, 22, 23, 24, 25, 26, 27, 28, 29, 30, 31, 32, 33, 34, 35, 36, 37, 40, 48, 49, 50, 51, 52, 53, 54, 55, 56, 57, 58, 59, 60, 61, 62, 63, 64, 70]",14,False,"['report', 'severe']"
9,021-12-30 6:37 PM,Sacramnto-Stkton-Modesto,KOVR,"mudslides, major. >> garrett: jonathan vigliotti, thank you. so, what's next? we turn to cbs' lonnie quinn with the forecast. lonnie, good evening. >> reporter: good evening to you, major.u, maj toughest weather anywhere in the country in colorado today. the strongest wind gust 115 miles per hour. currently the winds are gusting around 60 miles an hour, down to the 50s, 40 miles per hour through the overnight hours. still it's really hard to fight any-fire-burning out there and no help from mother nature. more wind than rain. where the rain is falling from georgia to south carolina, severe thunderstorm threat for that area until 9:00 p.m. what about new year's eve? new year's eve, i'm going to focus from nashville to memphis, over to arkansas. new year's eve, that's where you have a risk for severe weather. all the while into nears day, snowfall anywhere from kansas city through portions of the great lakes, detroit is cold as well. look at this temperature differential. saturday des moines will have a high of 11 degrees, 21 below","[2, 3, 4, 5, 6, 7, 8, 9, 11, 12, 13, 14, 15, 16, 17, 18, 19, 21, 22, 23, 24, 25, 26, 27, 28, 30, 32, 33, 34, 35, 36, 37, 48, 49, 50, 51, 52, 53, 54, 55, 56, 57, 59, 60, 61, 62, 64, 70]",14,False,"['degree', 'report', 'severe']"
10,2021-12-30 6:37 PM,Hartford & New Haven,WFSB,"and here in southern california, the rain will continue through the evening ending overnight. several communities were evacuated because of flooding like this, and the risk of mudslides, major. >> garrett: jonathan vigliotti, thank you. next to cbs's lonnie quinn with the forecast. lonnie, good evening. >> reporter: good evening to you, major. toughest weather anywhere in the country in colorado today. thes wind gust 115 miles per hour. currently the winds are gusting around 60 miles an hour, down to te 50s, 40 miles per hour through the overnight hours. still it's really hard to fight any-fire-burning out there and no help from mother nature. more wind and rain. where the rain is falling from georgia to south carolina, severe thunderstorm threat for that area till 9:00 p.m. new year's eve, i'm going to focus from nashville to memphis, arkansas. new year's eve, that's where you have a risk for severe weather. into nears day, snowfall","[2, 3, 4, 5, 6, 7, 8, 10, 11, 12, 13, 14, 15, 17, 18, 19, 20, 21, 22, 23, 24, 25, 26, 27, 28, 29, 30, 31, 32, 33, 34, 35, 36, 37, 40, 48, 49, 50, 51, 52, 53, 54, 55, 57, 58, 60, 62, 63, 64, 70]",14,False,"['report', 'severe']"
11,2021-12-30 6:37 PM,Baltimore,WJZ,"the evening ending overnight. several communities were evacuated because of flooding like this, and the risk of mudslides, major. >> garrett: jonathan vigliotti, thank you. next to cbs's lonnie quinn with the forecast. lonnie, good evening. >> reporter: good evening to you, major. toughest weather anywhere in the country in colorado today. thes wind gust 115 miles per hour. currently the winds are gusting around 60 miles an hour, down to te 50s, 40 miles per hour through the overnight hours. still it's really hard to fight any-fire-burning out there and no help from mother nature. more wind and rain. where the rain is falling from georgia to south carolina, severe thunderstorm threat for that area till 9:00 p.m. new year's eve, i'm going to focus from nashville to memphis, arkansas. new year's eve, that's where you have a risk for severe weather. into nears day, snowfall anywhere from kansas city through portions of the","[2, 3, 4, 5, 6, 7, 8, 9, 10, 11, 12, 13, 14, 15, 16, 17, 18, 19, 20, 21, 22, 23, 24, 25, 26, 27, 28, 29, 30, 31, 32, 33, 34, 35, 36, 37, 40, 48, 49, 50, 51, 52, 53, 54, 55, 56, 57, 58, 59, 60, 61, 62, 63, 64, 70]",14,False,"['report', 'severe']"
12,021-12-30 6:37 PM,Raleigh-Durham (Fayetvlle),WNCN,"the evening ending overnight. several communities were evacuated because of flooding like this, and the risk of mudslides, major. >> garrett: jonathan vigliotti, thank you. next to cbs's lonnie quinn with the forecast. lonnie, good evening. >> reporter: good evening to you, major. toughest weather anywhere in the country in colorado today. thes wind gust 115 miles per hour. currently the winds are gusting around 60 miles an hour, down to te 50s, 40 miles per hour through the overnight hours. still it's really hard to fight any-fire-burning out there and no help from mother nature. more wind and rain. where the rain is falling from georgia to south carolina, severe thunderstorm threat for that area till 9:00 p.m. new year's eve, i'm going to focus from nashville to memphis, arkansas. new year's eve, that's where you have a risk for severe weather. into nears day, snowfall anywhere from kansas city through portions of the great lakes, detroit is cold as","[2, 3, 4, 5, 6, 7, 8, 9, 10, 11, 12, 13, 14, 15, 16, 17, 18, 19, 20, 21, 22, 23, 24, 25, 26, 27, 28, 29, 30, 31, 32, 33, 34, 35, 36, 37, 40, 48, 49, 50, 51, 52, 53, 54, 55, 56, 57, 58, 59, 60, 61, 62, 63, 64, 70]",14,False,"['report', 'severe']"
13,2021-12-30 6:37 PM,Pittsburgh,KDKA,"the evening ending overnight. several communities were evacuated because of flooding like this, and the risk of mudslides, major. >> garrett: jonathan vigliotti, thank you. next to cbs's lonnie quinn with the forecast. lonnie, good evening. >> reporter: good evening to you, major. toughest weather anywhere in the country in colorado today. thes wind gust 115 miles per hour. currently the winds are gusting around 60 miles an hour, down to te 50s, 40 miles per hour through the overnight hours. still it's really hard to fight any-fire-burning out there and no help from mother nature. more wind and rain. where the rain is falling from georgia to south carolina, severe thunderstorm threat for that area till 9:00 p.m. new year's eve, i'm going to focus from nashville to memphis, arkansas. new year's eve, that's where you have a risk for severe weather. into nears day, snowfall anywhere from kansas city through portions of the great lakes, detroit is cold as","[2, 3, 4, 5, 6, 7, 8, 9, 10, 11, 12, 13, 14, 15, 16, 17, 18, 19, 20, 21, 22, 23, 24, 25, 26, 27, 28, 29, 30, 31, 32, 33, 34, 35, 36, 37, 40, 48, 49, 50, 51, 52, 53, 54, 55, 56, 57, 58, 59, 60, 61, 62, 63, 64, 70]",14,False,"['report', 'severe']"
14,2021-12-30 6:37 PM,"Portland, OR",KOIN,"the rain will continue through the evening ending overnight. several communities were evacuated because of flooding like this, and the risk of mudslides, major. >> garrett: jonathan vigliotti, thank you. so, what's next? we turn to cbs' lonnie quinn with the forecast. lonnie, good evening. >> reporter: good evening to you, major.u, maj toughest weather anywhere in the country in colorado today. the strongest wind gust 115 miles per hour. currently the winds are gusting around 60 miles an hour, down to the 50s, 40 miles per hour through the overnight hours. still it's really hard to fight any-fire-burning out there and no help from mother nature. more wind than rain. where the rain is falling from georgia to south carolina, severe thunderstorm threat for that area until 9:00 p.m. what about new year's eve? new year's eve, i'm going to focus from nashville to memphis, over to arkansas. new year's eve, that's where you have a risk for severe weather. all the while into nears day, snowfall anywhere from kansas city through portions of the great lakes, detroit is cold as","[2, 3, 4, 5, 6, 7, 8, 9, 10, 11, 12, 13, 14, 15, 16, 17, 18, 19, 20, 21, 22, 23, 24, 25, 26, 27, 28, 29, 30, 31, 32, 33, 34, 35, 36, 37, 40, 48, 49, 50, 51, 52, 53, 54, 55, 56, 57, 58, 59, 60, 61, 62, 63, 64, 70]",14,True,"['report', 'severe']"
15,2021-12-30 6:37 PM,Seattle-Tacoma,KIRO,"the rain will continue through the evening ending overnight. several communities were evacuated because of flooding like this, and the risk of mudslides, major. >> garrett: jonathan vigliotti, thank you. so, what's next? we turn to cbs' lonnie quinn with the forecast. lonnie, good evening. >> reporter: good evening to you, major.u, maj toughest weather anywhere in the country in colorado today. the strongest wind gust 115 miles per hour. currently the winds are gusting around 60 miles an hour, down to the 50s, 40 miles per hour through the overnight hours. still it's really hard to fight any-fire-burning out there and no help from mother nature. more wind than rain. where the rain is falling from georgia to south carolina, severe thunderstorm threat for that area until 9:00 p.m. what about new year's eve? new year's eve, i'm going to focus from nashville to memphis, over to arkansas. new year's eve, that's where you have a risk for severe weather. all the while into nears day, snowfall anywhere from kansas city through portions of the great lakes, detroit is cold as","[2, 3, 4, 5, 6, 7, 8, 9, 10, 11, 12, 13, 14, 15, 16, 17, 18, 19, 20, 21, 22, 23, 24, 25, 26, 27, 28, 29, 30, 31, 32, 33, 34, 35, 36, 37, 40, 48, 49, 50, 51, 52, 53, 54, 55, 56, 57, 58, 59, 60, 61, 62, 63, 64, 70]",14,False,"['report', 'severe']"
16,2021-12-30 6:37 PM,Los Angeles,KCBS,"like this, and the risk of mudslides, major. >> garrett: jonathan vigliotti, thank you. so, what's next? we turn to cbs' lonnie quinn with the forecast. lonnie, good evening. >> reporter: good evening to you, major.u, maj toughest weather anywhere in the country in colorado today. the strongest wind gust 115 miles per hour. currently the winds are gusting around 60 miles an hour, down to the 50s, 40 miles per hour through the overnight hours. still it's really hard to fight any-fire-burning out there and no help from mother nature. more wind than rain. where the rain is falling from georgia to south carolina, severe thunderstorm threat for that area until 9:00 p.m. what about new year's eve? new year's eve, i'm going to focus from nashville to memphis, over to arkansas. new year's eve, that's where you have a risk for severe weather. all the while into nears day, snowfall anywhere from kansas city through portions of the great lakes, detroit is cold as well. look at this temper","[2, 3, 4, 5, 6, 7, 8, 9, 11, 12, 13, 14, 15, 16, 17, 18, 19, 21, 22, 23, 24, 25, 26, 27, 28, 30, 32, 33, 34, 35, 36, 37, 40, 48, 49, 50, 51, 52, 53, 54, 55, 56, 57, 59, 60, 61, 62, 64, 70]",14,False,"['report', 'severe']"
17,021-12-30 6:37 PM,San Francisco-Oak-San Jose,KPIX,"evacuated because of flooding like this, and the risk of mudslides, major. >> garrett: jonathan vigliotti, thank you. so, what's next? we turn to cbs' lonnie quinn with the forecast. lonnie, good evening. >> reporter: good evening to you, major.u, maj toughest weather anywhere in the country in colorado today. the strongest wind gust 115 miles per hour. currently the winds are gusting around 60 miles an hour, down to the 50s, 40 miles per hour through the overnight hours. still it's really hard to fight any-fire-burning out there and no help from mother nature. more wind than rain. where the rain is falling from georgia to south carolina, severe thunderstorm threat for that area until 9:00 p.m. what about new year's eve? new year's eve, i'm going to focus from nashville to memphis, over to arkansas. new year's eve, that's where you have a risk for severe weather. all the while into nears day, snowfall anywhere from kansas city through portions of the great lakes, detroit is cold as well. look at this temperature differential. saturday des moines will have a","[2, 3, 4, 5, 6, 7, 8, 9, 10, 11, 12, 13, 14, 15, 16, 17, 18, 19, 20, 21, 22, 23, 24, 25, 26, 27, 28, 29, 30, 31, 32, 33, 34, 35, 36, 37, 40, 48, 49, 50, 51, 52, 53, 54, 55, 56, 57, 58, 59, 60, 61, 62, 63, 64, 70]",14,False,"['report', 'severe']"
18,21-12-30 6:37 PM,"Washington, DC (Hagrstwn)",WUSA,"several communities were evacuated because of flooding like this, and the risk of mudslides, major. >> garrett: jonathan vigliotti, thank you. next to cbs's lonnie quinn with the forecast. lonnie, good evening. >> reporter: good evening to you, major. toughest weather anywhere in the country in colorado today. thes wind gust 115 miles per hour. currently the winds are gusting around 60 miles an hour, down to te 50s, 40 miles per hour through the overnight hours. still it's really hard to fight any-fire-burning out there and no help from mother nature. more wind and rain. where the rain is falling from georgia to south carolina, severe thunderstorm threat for that area till 9:00 p.m. new year's eve, i'm going to focus from nashville to memphis, arkansas. new year's eve, that's where you have a risk for severe weather. into nears day, snowfall anywhere from kansas city through portions of the great lakes, detroit is cold as","[2, 3, 4, 5, 6, 7, 8, 9, 10, 11, 12, 13, 14, 15, 16, 17, 18, 19, 20, 21, 22, 23, 24, 25, 26, 27, 28, 29, 30, 31, 32, 33, 34, 35, 36, 37, 40, 48, 49, 50, 51, 52, 53, 54, 55, 56, 57, 58, 59, 60, 61, 62, 63, 64, 70]",14,False,"['report', 'severe']"
19,2021-12-30 6:37 PM,Louisville,WLKY,"the evening ending overnight. several communities were evacuated because of flooding like this, and the risk of mudslides, major. >> garrett: jonathan vigliotti, thank you. next to cbs's lonnie quinn with the forecast. lonnie, good evening. >> reporter: good evening to you, major. toughest weather anywhere in the country in colorado today. thes wind gust 115 miles per hour. currently the winds are gusting around 60 miles an hour, down to te 50s, 40 miles per hour through the overnight hours. still it's really hard to fight any-fire-burning out there and no help from mother nature. more wind and rain. where the rain is falling from georgia to south carolina, severe thunderstorm threat for that area till 9:00 p.m. new year's eve, i'm going to focus from nashville to memphis, arkansas. new year's eve, that's where you have a risk for severe weather. into nears day, snowfall anywhere from kansas city through portions of the great lakes, detroit is cold as","[2, 3, 4, 5, 6, 7, 8, 9, 10, 11, 12, 13, 14, 15, 16, 17, 18, 19, 20, 21, 22, 23, 24, 25, 26, 27, 28, 29, 30, 31, 32, 33, 34, 35, 36, 37, 40, 48, 49, 50, 51, 52, 53, 54, 55, 56, 57, 58, 59, 60, 61, 62, 63, 64, 70]",14,False,"['report', 'severe']"
20,2021-12-30 6:37 PM,Providence-New Bedford,WPRI,"and here in southern california, the rain will continue through the evening ending overnight. several communities were evacuated because of flooding like this, and the risk of mudslides, major. >> garrett: jonathan vigliotti, thank you. next to cbs's lonnie quinn with the forecast. lonnie, good evening. >> reporter: good evening to you, major. toughest weather anywhere in the country in colorado today. thes wind gust 115 miles per hour. currently the winds are gusting around 60 miles an hour, down to te 50s, 40 miles per hour through the overnight hours. still it's really hard to fight any-fire-burning out there and no help from mother nature. more wind and rain. where the rain is falling from georgia to south carolina, severe thunderstorm threat for that area till 9:00 p.m. new year's eve, i'm going to focus from nashville to memphis, arkansas. new year's eve, that's where you have a risk for severe weather. into nears day, snowfall","[2, 3, 4, 5, 6, 7, 8, 10, 11, 12, 13, 14, 15, 17, 18, 19, 20, 21, 22, 23, 24, 25, 26, 27, 28, 29, 30, 31, 32, 33, 34, 35, 36, 37, 40, 48, 49, 50, 51, 52, 53, 54, 55, 57, 58, 60, 62, 63, 64, 70]",14,False,"['report', 'severe']"
21,2021-12-30 6:37 PM,Knoxville,WVLT,"the evening ending overnight. several communities were evacuated because of flooding like this, and the risk of mudslides, major. >> garrett: jonathan vigliotti, thank you. next to cbs's lonnie quinn with the forecast. lonnie, good evening. >> reporter: good evening to you, major. toughest weather anywhere in the country in colorado today. thes wind gust 115 miles per hour. currently the winds are gusting around 60 miles an hour, down to te 50s, 40 miles per hour through the overnight hours. still it's really hard to fight any-fire-burning out there and no help from mother nature. more wind and rain. where the rain is falling from georgia to south carolina, severe thunderstorm threat for that area till 9:00 p.m. new year's eve, i'm going to focus from nashville to memphis, arkansas. new year's eve, that's where you have a risk for severe weather. into nears day, snowfall anywhere from kansas city through portions of the great lakes, detroit is cold as","[2, 3, 4, 5, 6, 7, 8, 9, 10, 11, 12, 13, 14, 15, 16, 17, 18, 19, 20, 21, 22, 23, 24, 25, 26, 27, 28, 29, 30, 31, 32, 33, 34, 35, 36, 37, 40, 48, 49, 50, 51, 52, 53, 54, 55, 56, 57, 58, 59, 60, 61, 62, 63, 64, 70]",14,False,"['report', 'severe']"
22,2021-12-30 6:37 PM,Indianapolis,WTTV,"the evening ending overnight. several communities were evacuated because of flooding like this, and the risk of mudslides, major. >> garrett: jonathan vigliotti, thank you. next to cbs's lonnie quinn with the forecast. lonnie, good evening. >> reporter: good evening to you, major. toughest weather anywhere in the country in colorado today. thes wind gust 115 miles per hour. currently the winds are gusting around 60 miles an hour, down to te 50s, 40 miles per hour through the overnight hours. still it's really hard to fight any-fire-burning out there and no help from mother nature. more wind and rain. where the rain is falling from georgia to south carolina, severe thunderstorm threat for that area till 9:00 p.m. new year's eve, i'm going to focus from nashville to memphis, arkansas. new year's eve, that's where you have a risk for severe weather. into nears day, snowfall anywhere from kansas city through portions of the great lakes, detroit is cold as","[2, 3, 4, 5, 6, 7, 8, 9, 10, 11, 12, 13, 14, 15, 16, 17, 18, 19, 20, 21, 22, 23, 24, 25, 26, 27, 28, 29, 30, 31, 32, 33, 34, 35, 36, 37, 40, 48, 49, 50, 51, 52, 53, 54, 55, 56, 57, 58, 59, 60, 61, 62, 63, 64, 70]",14,False,"['report', 'severe']"
23,2021-12-30 6:37 PM,Indianapolis,WTTV,"the evening ending overnight. several communities were evacuated because of flooding like this, and the risk of mudslides, major. >> garrett: jonathan vigliotti, thank you. next to cbs's lonnie quinn with the forecast. lonnie, good evening. >> reporter: good evening to you, major. toughest weather anywhere in the country in colorado today. thes wind gust 115 miles per hour. currently the winds are gusting around 60 miles an hour, down to te 50s, 40 miles per hour through the overnight hours. still it's really hard to fight any-fire-burning out there and no help from mother nature. more wind and rain. where the rain is falling from georgia to south carolina, severe thunderstorm threat for that area till 9:00 p.m. new year's eve, i'm going to focus from nashville to memphis, arkansas. new year's eve, that's where you have a risk for severe weather. into nears day, snowfall anywhere from kansas city through portions of the great lakes, detroit is cold as","[2, 3, 4, 5, 6, 7, 8, 9, 10, 11, 12, 13, 14, 15, 16, 17, 18, 19, 20, 21, 22, 23, 24, 25, 26, 27, 28, 29, 30, 31, 32, 33, 34, 35, 36, 37, 40, 48, 49, 50, 51, 52, 53, 54, 55, 56, 57, 58, 59, 60, 61, 62, 63, 64, 70]",14,False,"['report', 'severe']"
24,2021-12-30 6:37 PM,Indianapolis,WTTV,"the evening ending overnight. several communities were evacuated because of flooding like this, and the risk of mudslides, major. >> garrett: jonathan vigliotti, thank you. next to cbs's lonnie quinn with the forecast. lonnie, good evening. >> reporter: good evening to you, major. toughest weather anywhere in the country in colorado today. thes wind gust 115 miles per hour. currently the winds are gusting around 60 miles an hour, down to te 50s, 40 miles per hour through the overnight hours. still it's really hard to fight any-fire-burning out there and no help from mother nature. more wind and rain. where the rain is falling from georgia to south carolina, severe thunderstorm threat for that area till 9:00 p.m. new year's eve, i'm going to focus from nashville to memphis, arkansas. new year's eve, that's where you have a risk for severe weather. into nears day, snowfall anywhere from kansas city through portions of the","[2, 3, 4, 5, 6, 7, 8, 9, 10, 11, 12, 13, 14, 15, 16, 17, 18, 19, 20, 21, 22, 23, 24, 25, 26, 27, 28, 29, 30, 31, 32, 33, 34, 35, 36, 37, 40, 48, 49, 50, 51, 52, 53, 54, 55, 56, 57, 58, 59, 60, 61, 62, 63, 64, 70]",14,False,"['report', 'severe']"
25,2021-12-30 6:37 PM,Norfolk-Portsmth-Newpt Nws,WTKR,"the evening ending overnight. several communities were evacuated because of flooding like this, and the risk of mudslides, major. >> garrett: jonathan vigliotti, thank you. next to cbs's lonnie quinn with the forecast. lonnie, good evening. >> reporter: good evening to you, major. toughest weather anywhere in the country in colorado today. thes wind gust 115 miles per hour. currently the winds are gusting around 60 miles an hour, down to te 50s, 40 miles per hour through the overnight hours. still it's really hard to fight any-fire-burning out there and no help from mother nature. more wind and rain. where the rain is falling from georgia to south carolina, severe thunderstorm threat for that area till 9:00 p.m. new year's eve, i'm going to focus from nashville to memphis, arkansas. new year's eve, that's where you have a risk for severe weather. into nears day, snowfall anywhere from kansas city through portions of the","[2, 3, 4, 5, 6, 7, 8, 9, 10, 11, 12, 13, 14, 15, 16, 17, 18, 19, 20, 21, 22, 23, 24, 25, 26, 27, 28, 29, 30, 31, 32, 33, 34, 35, 36, 37, 40, 48, 49, 50, 51, 52, 53, 54, 55, 56, 57, 58, 59, 60, 61, 62, 63, 64, 70]",14,False,"['report', 'severe']"
26,2021-12-30 6:37 PM,West Palm Beach-Ft. Pierce,WPEC,"the evening ending overnight. several communities were evacuated because of flooding like this, and the risk of mudslides, major. >> garrett: jonathan vigliotti, thank you. next to cbs's lonnie quinn with the forecast. lonnie, good evening. >> reporter: good evening to you, major. toughest weather anywhere in the country in colorado today. thes wind gust 115 miles per hour. currently the winds are gusting around 60 miles an hour, down to te 50s, 40 miles per hour through the overnight hours. still it's really hard to fight any-fire-burning out there and no help from mother nature. more wind and rain. where the rain is falling from georgia to south carolina, severe thunderstorm threat for that area till 9:00 p.m. new year's eve, i'm going to focus from nashville to memphis, arkansas. new year's eve, that's where you have a risk for severe weather. into nears day, snowfall anywhere from kansas city through portions of the","[2, 3, 4, 5, 6, 7, 8, 9, 10, 11, 12, 13, 14, 15, 16, 17, 18, 19, 20, 21, 22, 23, 24, 25, 26, 27, 28, 29, 30, 31, 32, 33, 34, 35, 36, 37, 40, 48, 49, 50, 51, 52, 53, 54, 55, 56, 57, 58, 59, 60, 61, 62, 63, 64, 70]",14,False,"['report', 'severe']"
27,2021-12-30 6:37 PM,West Palm Beach-Ft. Pierce,WPEC,"the evening ending overnight. several communities were evacuated because of flooding like this, and the risk of mudslides, major. >> garrett: jonathan vigliotti, thank you. next to cbs's lonnie quinn with the forecast. lonnie, good evening. >> reporter: good evening to you, major. toughest weather anywhere in the country in colorado today. thes wind gust 115 miles per hour. currently the winds are gusting around 60 miles an hour, down to te 50s, 40 miles per hour through the overnight hours. still it's really hard to fight any-fire-burning out there and no help from mother nature. more wind and rain. where the rain is falling from georgia to south carolina, severe thunderstorm threat for that area till 9:00 p.m. new year's eve, i'm going to focus from nashville to memphis, arkansas. new year's eve, that's where you have a risk for severe weather. into nears day, snowfall anywhere from kansas city through portions of the","[2, 3, 4, 5, 6, 7, 8, 9, 10, 11, 12, 13, 14, 15, 16, 17, 18, 19, 20, 21, 22, 23, 24, 25, 26, 27, 28, 29, 30, 31, 32, 33, 34, 35, 36, 37, 40, 48, 49, 50, 51, 52, 53, 54, 55, 56, 57, 58, 59, 60, 61, 62, 63, 64, 70]",14,False,"['report', 'severe']"
28,2021-12-30 6:37 PM,Tampa-St. Pete (Sarasota),WTSP,"the evening ending overnight. several communities were evacuated because of flooding like this, and the risk of mudslides, major. >> garrett: jonathan vigliotti, thank you. next to cbs's lonnie quinn with the forecast. lonnie, good evening. >> reporter: good evening to you, major. toughest weather anywhere in the country in colorado today. thes wind gust 115 miles per hour. currently the winds are gusting around 60 miles an hour, down to te 50s, 40 miles per hour through the overnight hours. still it's really hard to fight any-fire-burning out there and no help from mother nature. more wind and rain. where the rain is falling from georgia to south carolina, severe thunderstorm threat for that area till 9:00 p.m. new year's eve, i'm going to focus from nashville to memphis, arkansas. new year's eve, that's where you have a risk for severe weather. into nears day, snowfall anywhere from kansas city through portions of the great lakes, detroit is cold as","[2, 3, 4, 5, 6, 7, 8, 9, 10, 11, 12, 13, 14, 15, 16, 17, 18, 19, 20, 21, 22, 23, 24, 25, 26, 27, 28, 29, 30, 31, 32, 33, 34, 35, 36, 37, 40, 48, 49, 50, 51, 52, 53, 54, 55, 56, 57, 58, 59, 60, 61, 62, 63, 64, 70]",14,False,"['report', 'severe']"
29,2021-12-30 6:37 PM,Buffalo,WIVB,"and here in southern california, the rain will continue through the evening ending overnight. several communities were evacuated because of flooding like this, and the risk of mudslides, major. >> garrett: jonathan vigliotti, thank you. next to cbs's lonnie quinn with the forecast. lonnie, good evening. >> reporter: good evening to you, major. toughest weather anywhere in the country in colorado today. thes wind gust 115 miles per hour. currently the winds are gusting around 60 miles an hour, down to te 50s, 40 miles per hour through the overnight hours. still it's really hard to fight any-fire-burning out there and no help from mother nature. more wind and rain. where the rain is falling from georgia to south carolina, severe thunderstorm threat for that area till 9:00 p.m. new year's eve, i'm going to focus from nashville to memphis, arkansas. new year's eve, that's where you have a risk for severe weather. into nears day, snowfall anywhere from kansas city","[2, 3, 4, 5, 6, 7, 8, 10, 11, 12, 13, 14, 15, 17, 18, 19, 20, 21, 22, 23, 24, 25, 26, 27, 28, 29, 30, 31, 32, 33, 34, 35, 36, 37, 40, 48, 49, 50, 51, 52, 53, 54, 55, 57, 58, 60, 62, 63, 64, 70]",14,False,"['report', 'severe']"
30,2021-12-30 6:37 PM,Greenvll-Spart-Ashevll-And,WSPA,"the evening ending overnight. several communities were evacuated because of flooding like this, and the risk of mudslides, major. >> garrett: jonathan vigliotti, thank you. next to cbs's lonnie quinn with the forecast. lonnie, good evening. >> reporter: good evening to you, major. toughest weather anywhere in the country in colorado today. thes wind gust 115 miles per hour. currently the winds are gusting around 60 miles an hour, down to te 50s, 40 miles per hour through the overnight hours. still it's really hard to fight any-fire-burning out there and no help from mother nature. more wind and rain. where the rain is falling from georgia to south carolina, severe thunderstorm threat for that area till 9:00 p.m. new year's eve, i'm going to focus from nashville to memphis, arkansas. new year's eve, that's where you have a risk for severe weather. into nears day, snowfall anywhere from kansas city through portions of the","[2, 3, 4, 5, 6, 7, 8, 9, 10, 11, 12, 13, 14, 15, 16, 17, 18, 19, 20, 21, 22, 23, 24, 25, 26, 27, 28, 29, 30, 31, 32, 33, 34, 35, 36, 37, 40, 48, 49, 50, 51, 52, 53, 54, 55, 56, 57, 58, 59, 60, 61, 62, 63, 64, 70]",14,False,"['report', 'severe']"
31,2021-12-30 6:37 PM,Jacksonville,WJAX,"and here in southern california, the rain will continue through the evening ending overnight. several communities were evacuated because of flooding like this, and the risk of mudslides, major. >> garrett: jonathan vigliotti, thank you. next to cbs's lonnie quinn with the forecast. lonnie, good evening. >> reporter: good evening to you, major. toughest weather anywhere in the country in colorado today. thes wind gust 115 miles per hour. currently the winds are gusting around 60 miles an hour, down to te 50s, 40 miles per hour through the overnight hours. still it's really hard to fight any-fire-burning out there and no help from mother nature. more wind and rain. where the rain is falling from georgia to south carolina, severe thunderstorm threat for that area till 9:00 p.m. new year's eve, i'm going to focus from nashville to memphis, arkansas. new year's eve, that's where you have a risk for severe weather. into nears day, snowfall","[2, 3, 4, 5, 6, 7, 8, 10, 11, 12, 13, 14, 15, 17, 18, 19, 20, 21, 22, 23, 24, 25, 26, 27, 28, 29, 30, 31, 32, 33, 34, 35, 36, 37, 40, 48, 49, 50, 51, 52, 53, 54, 55, 57, 58, 60, 62, 63, 64, 70]",14,False,"['report', 'severe']"
32,2021-12-30 6:37 PM,Charlotte,WBTV,"the evening ending overnight. several communities were evacuated because of flooding like this, and the risk of mudslides, major. >> garrett: jonathan vigliotti, thank you. next to cbs's lonnie quinn with the forecast. lonnie, good evening. >> reporter: good evening to you, major. toughest weather anywhere in the country in colorado today. thes wind gust 115 miles per hour. currently the winds are gusting around 60 miles an hour, down to te 50s, 40 miles per hour through the overnight hours. still it's really hard to fight any-fire-burning out there and no help from mother nature. more wind and rain. where the rain is falling from georgia to south carolina, severe thunderstorm threat for that area till 9:00 p.m. new year's eve, i'm going to focus from nashville to memphis, arkansas. new year's eve, that's where you have a risk for severe weather. into nears day, snowfall anywhere from kansas city through portions of the","[2, 3, 4, 5, 6, 7, 8, 9, 10, 11, 12, 13, 14, 15, 16, 17, 18, 19, 20, 21, 22, 23, 24, 25, 26, 27, 28, 29, 30, 31, 32, 33, 34, 35, 36, 37, 40, 48, 49, 50, 51, 52, 53, 54, 55, 56, 57, 58, 59, 60, 61, 62, 63, 64, 70]",14,False,"['report', 'severe']"
33,2021-12-30 6:37 PM,Cincinnati,WKRC,"the evening ending overnight. several communities were evacuated because of flooding like this, and the risk of mudslides, major. >> garrett: jonathan vigliotti, thank you. next to cbs's lonnie quinn with the forecast. lonnie, good evening. >> reporter: good evening to you, major. toughest weather anywhere in the country in colorado today. thes wind gust 115 miles per hour. currently the winds are gusting around 60 miles an hour, down to te 50s, 40 miles per hour through the overnight hours. still it's really hard to fight any-fire-burning out there and no help from mother nature. more wind and rain. where the rain is falling from georgia to south carolina, severe thunderstorm threat for that area till 9:00 p.m. new year's eve, i'm going to focus from nashville to memphis, arkansas. new year's eve, that's where you have a risk for severe weather. into nears day, snowfall anywhere from kansas city through portions of the","[2, 3, 4, 5, 6, 7, 8, 9, 10, 11, 12, 13, 14, 15, 16, 17, 18, 19, 20, 21, 22, 23, 24, 25, 26, 27, 28, 29, 30, 31, 32, 33, 34, 35, 36, 37, 40, 48, 49, 50, 51, 52, 53, 54, 55, 56, 57, 58, 59, 60, 61, 62, 63, 64, 70]",14,False,"['report', 'severe']"
34,2021-12-30 6:37 PM,"Columbus, OH",WBNS,"the evening ending overnight. several communities were evacuated because of flooding like this, and the risk of mudslides, major. >> garrett: jonathan vigliotti, thank you. next to cbs's lonnie quinn with the forecast. lonnie, good evening. >> reporter: good evening to you, major. toughest weather anywhere in the country in colorado today. thes wind gust 115 miles per hour. currently the winds are gusting around 60 miles an hour, down to te 50s, 40 miles per hour through the overnight hours. still it's really hard to fight any-fire-burning out there and no help from mother nature. more wind and rain. where the rain is falling from georgia to south carolina, severe thunderstorm threat for that area till 9:00 p.m. new year's eve, i'm going to focus from nashville to memphis, arkansas. new year's eve, that's where you have a risk for severe weather. into nears day, snowfall anywhere from kansas city through portions of the","[2, 3, 4, 5, 6, 7, 8, 9, 10, 11, 12, 13, 14, 15, 16, 17, 18, 19, 20, 21, 22, 23, 24, 25, 26, 27, 28, 29, 30, 31, 32, 33, 34, 35, 36, 37, 40, 48, 49, 50, 51, 52, 53, 54, 55, 56, 57, 58, 59, 60, 61, 62, 63, 64, 70]",14,False,"['report', 'severe']"
35,2021-12-30 6:37 PM,"Columbus, OH",WBNS,"the evening ending overnight. several communities were evacuated because of flooding like this, and the risk of mudslides, major. >> garrett: jonathan vigliotti, thank you. next to cbs's lonnie quinn with the forecast. lonnie, good evening. >> reporter: good evening to you, major. toughest weather anywhere in the country in colorado today. thes wind gust 115 miles per hour. currently the winds are gusting around 60 miles an hour, down to te 50s, 40 miles per hour through the overnight hours. still it's really hard to fight any-fire-burning out there and no help from mother nature. more wind and rain. where the rain is falling from georgia to south carolina, severe thunderstorm threat for that area till 9:00 p.m. new year's eve, i'm going to focus from nashville to memphis, arkansas. new year's eve, that's where you have a risk for severe weather. into nears day, snowfall anywhere from kansas city through portions of the","[2, 3, 4, 5, 6, 7, 8, 9, 10, 11, 12, 13, 14, 15, 16, 17, 18, 19, 20, 21, 22, 23, 24, 25, 26, 27, 28, 29, 30, 31, 32, 33, 34, 35, 36, 37, 40, 48, 49, 50, 51, 52, 53, 54, 55, 56, 57, 58, 59, 60, 61, 62, 63, 64, 70]",14,False,"['report', 'severe']"
36,2021-12-30 6:37 PM,"Columbus, OH",WBNS,"the evening ending overnight. several communities were evacuated because of flooding like this, and the risk of mudslides, major. >> garrett: jonathan vigliotti, thank you. next to cbs's lonnie quinn with the forecast. lonnie, good evening. >> reporter: good evening to you, major. toughest weather anywhere in the country in colorado today. thes wind gust 115 miles per hour. currently the winds are gusting around 60 miles an hour, down to te 50s, 40 miles per hour through the overnight hours. still it's really hard to fight any-fire-burning out there and no help from mother nature. more wind and rain. where the rain is falling from georgia to south carolina, severe thunderstorm threat for that area till 9:00 p.m. new year's eve, i'm going to focus from nashville to memphis, arkansas. new year's eve, that's where you have a risk for severe weather. into nears day, snowfall anywhere from kansas city through portions of the","[2, 3, 4, 5, 6, 7, 8, 9, 10, 11, 12, 13, 14, 15, 16, 17, 18, 19, 20, 21, 22, 23, 24, 25, 26, 27, 28, 29, 30, 31, 32, 33, 34, 35, 36, 37, 40, 48, 49, 50, 51, 52, 53, 54, 55, 56, 57, 58, 59, 60, 61, 62, 63, 64, 70]",14,False,"['report', 'severe']"
37,2021-12-30 6:37 PM,Philadelphia,KYW,"the evening ending overnight. several communities were evacuated because of flooding like this, and the risk of mudslides, major. >> garrett: jonathan vigliotti, thank you. next to cbs's lonnie quinn with the forecast. lonnie, good evening. >> reporter: good evening to you, major. toughest weather anywhere in the country in colorado today. thes wind gust 115 miles per hour. currently the winds are gusting around 60 miles an hour, down to te 50s, 40 miles per hour through the overnight hours. still it's really hard to fight any-fire-burning out there and no help from mother nature. more wind and rain. where the rain is falling from georgia to south carolina, severe thunderstorm threat for that area till 9:00 p.m. new year's eve, i'm going to focus from nashville to memphis, arkansas. new year's eve, that's where you have a risk for severe weather. into nears day, snowfall anywhere from kansas city through portions of the","[2, 3, 4, 5, 6, 7, 8, 9, 10, 11, 12, 13, 14, 15, 16, 17, 18, 19, 20, 21, 22, 23, 24, 25, 26, 27, 28, 29, 30, 31, 32, 33, 34, 35, 36, 37, 40, 48, 49, 50, 51, 52, 53, 54, 55, 56, 57, 58, 59, 60, 61, 62, 63, 64, 70]",14,False,"['report', 'severe']"
38,2021-12-30 6:12 PM,Sacramnto-Stkton-Modesto,KOVR,tracking the devastating fires in colorado and look at that right there a structure burning more than 640 gone at this point in the communities of bloomfield superior and louisville all have evacuations tonight as the-fire-is expected to burn into the night in the sunlight can't come soon enough when the snow is supposed to hit this area. the latest all night long right here on,[38],38,True,[]
39,2021-12-30 6:20 PM,Sacramnto-Stkton-Modesto,KOVR,"here we have evacuations. i will tell you a little bit about where this-fire-has burned and superior we have lost the majority of these structures that you see all of these homes and subdivisions around here, and we talked about this hospital, which was evacuated this afternoon. it is the adventist hospital here in superior. we are told all of the patients did get out of that hospital and are safe tonight. they all got out at 3:30 our time, and they are now at neighboring hospitals, but this the target and shopping center that we understand is destroyed this evening. tonight,-fire-is expected to burn into the night and very intense flames, but come tomorrow morning, snow is expected to come and fall in this area and we will get a leather -- another look here. >>> you can see the system that is generated a strong wind.",[39],39,True,[]
40,021-12-30 6:07 PM,Phoenix (Prescott),KPHO,"hoping to ski into the new year. and here in southern california, the rain will continue through the evening ending overnight. several communities were evacuated because of flooding like this, and the risk of mudslides, major. >> garrett: jonathan vigliotti, thank you. so, what's next? we turn to cbs' lonnie quinn with the forecast. lonnie, good evening. >> reporter: good evening to you, major. toughest weather anywhere in the country in colorado today. these wind gust 115 miles per hour. currently the winds are gusting around 60 miles an hour, down to the 50s, 40 miles per hour through the overnight hours. still it's really hard to fight any-fire-burning out there and no help from mother nature. more wind than rain. where the rain is falling from georgia to south carolina, severe thunderstorm threat for that area till 9:00 p.m. what about new year's eve? new year's eve, i'm going to focus from nashville to memphis, arkansas. new year's eve, that's where you have a risk for severe weather. into nears day, snowfall","[2, 3, 4, 5, 6, 7, 8, 10, 11, 12, 13, 14, 15, 16, 17, 18, 19, 20, 21, 22, 23, 24, 25, 26, 27, 28, 29, 30, 31, 32, 33, 34, 35, 36, 37, 40, 48, 49, 50, 51, 52, 53, 54, 55, 57, 58, 60, 62, 63, 64, 70]",14,False,"['report', 'severe']"
41,2021-12-30 6:00 PM,Sacramnto-Stkton-Modesto,KOVR,"about. we just talked about the hospital where the evacuation happened. you can see, this is the hospital right here in these red spots behind it is where we >> the shopping center right here, there is a target store, and there are reports that the target store is gone as well as a hotel and shopping center and you see all of these homes around here and these were on fire. the mayor of superior, he has been quoted as saying, our town is burning around us, and the sheriff their reporting a very dire situation as the fire burns into the night. but there is a winter storm warning going into effect tomorrow morning and we could have 5 to 10 inches of snow in this area by saturday. >>> here at home after spending days in the dark, power is back",[41],41,True,['report']
42,2021-12-30 5:59 PM,Sacramnto-Stkton-Modesto,KOV,"together. this house, burning to the ground. 35,000 people are evacuated in superior, louisville, and bloomfield, at least 6 people are hurt. they are hurt. we don't know the extent of their injuries. new video justin, this is a hospital that was evacuated, a vista event a hospital. patients in the icu and nicu started evacuating at 12:30 our time and are safely evacuated to another hospital. the computer in front of me, i want to give you an allegation of what you are you are looking at right here. this is where it is in correspondence to denver. it is right in between denver and boulder, colorado. most of the-fire-is burning in superior where we have 600 homes gone. i will show you some of the spots here that we want to talk",[42],42,True,[]
43,2021-12-30 5:55 PM,Ft. Myers-Naples,WINK,"rubenstein law, injured in a car accident or slip and fall call 1, 800 fl legal open on weekends. >> the breaking news, a 41 take a look at this is happening just north and west of denver. a brush fires leading to evacuations. all residents of the town of superior and louisville were directed to evacuate because of the threat of fire. this afternoon, power has been cut to more 34,000 customers in the town of superior and louisville officials there say that they're saying that thick smoke are also seeing a lot of flames. again, this is just northwest of denver. and you can see the wind just pushing those flames and smoke to the left fanning those flames and it's going continue on into the evening hours. we'll keep an eye on that fire. give you updates as they come in. >> a tough year for one of our beloved species is nearing an end. manatees are living",[43],43,True,[]
44,2021-12-30 5:44 PM,Baltimore,WJZ,e2021-12-30 5:44 pm,[44],44,True,[]
45,2021-12-30 5:44 PM,Baltimore,WJZ,"wildfire-that engulfed parts of the area. in all, more than 30,000 people have been told to get to safety. gusty winds are fueling the massive fires which comes after the official and to wildfire season. so far, no one has been hurt. >>> police in north carolina are looking for the gunman who opened-fire-at a high school basketball tournament. two teens were wounded when the shots were fired inside the lobby here in salisbury. more than 400 people were in the gym when it happened, the rest of the tournament has been canceled, no word on a motive for the shooting. >>> today president biden held a second call with russian president vladimir putin this month. thousands of russian troops have gathered along ukraine's border for a possible military invasion. the u.s. has warned of consequences. here is skyler henry. >> reporter: president biden held thursday's protocol at the request of russian president vladimir put in. at the top of the agenda, de- escalating tensions along using's porter were as many as 90,000 russian troops are gathered. >> i would assume this is an","[45, 46]",45,True,['report']
46,2021-12-30 5:44 PM,Baltimore,WJZ,"wildfire-that engulfed parts of the area. in all, more than 30,000 people have been told to get to safety. gusty winds are fueling the massive fires which comes after the official and to wildfire season. so far, no one has been hurt. >>> police in north carolina are looking for the gunman who opened-fire-at a high school basketball tournament. two teens were wounded when the shots were fired inside the lobby here in salisbury. more than 400 people were in the gym when it happened, the rest of the tournament has been canceled, no word on a motive for the shooting. >>> today president biden held a second call with russian president vladimir putin this month. thousands of russian troops have gathered along ukraine's border for a possible military invasion. the u.s. has warned of consequences. here is skyler henry. >> reporter: president biden held thursday's protocol at the request of russian president vladimir put in. at the top of the agenda, de- escalating tensions along using's porter were as many as 90,000 russian troops are gathered. >> i would assume this is an","[45, 46]",45,False,['report']
47,2021-12-30 5:43 PM,Seattle-Tacoma,KIRO,"outside of denver have been told to evacuate. the sheriff says hundreds of homes and businesses have burned as powerful winds fanned those flames. will some campers woke up to a nasty scene this morning? just look at this water. >> sweeping through their campsite storms that brought heavy rain and mudslides in southern california flooded this state park in malibu. and you can see it left vehicle submerged. los angeles county-fire-crews helped stranded campers get to higher ground and then yeah, we were in attendance or friends or in a trailer and we were in a tent behind the floating away. no, but that that is moving when we got up off of that. snow out of the city of malibu says nearly 2 dozen people at the camp site were evacuated safely. >> in other areas, rain and snow closed down freeways and roads. >> water is moving and this was done with the skills, have some snow and ice on the streets in heavy rain could cause problems with all that snow and ice. right, morgan, right. we're going to start the thong.",[47],47,True,[]
48,2021-12-30 5:37 PM,Houston,KHOU,"the evening ending overnight. several communities were evacuated because of flooding like this, and the risk of mudslides, major. >> garrett: jonathan vigliotti, thank you. next to cbs's lonnie quinn with the forecast. lonnie, good evening. >> reporter: good evening to you, major. toughest weather anywhere in the country in colorado today. thes wind gust 115 miles per hour. currently the winds are gusting around 60 miles an hour, down to te 50s, 40 miles per hour through the overnight hours. still it's really hard to fight any-fire-burning out there and no help from mother nature. more wind and rain. where the rain is falling from georgia to south carolina, severe thunderstorm threat for that area till 9:00 p.m. new year's eve, i'm going to focus from nashville to memphis, arkansas. new year's eve, that's where you have a risk for severe weather. into nears day, snowfall anywhere from kansas city through portions of the great lakes, detroit is cold as","[2, 3, 4, 5, 6, 7, 8, 9, 10, 11, 12, 13, 14, 15, 16, 17, 18, 19, 20, 21, 22, 23, 24, 25, 26, 27, 28, 29, 30, 31, 32, 33, 34, 35, 36, 37, 40, 48, 49, 50, 51, 52, 53, 54, 55, 56, 57, 58, 59, 60, 61, 62, 63, 64, 70]",14,False,"['report', 'severe']"
49,2021-12-30 5:37 PM,Dallas-Ft. Worth,KTVT,"the evening ending overnight. several communities were evacuated because of flooding like this, and the risk of mudslides, major. >> garrett: jonathan vigliotti, thank you. next to cbs's lonnie quinn with the forecast. lonnie, good evening. >> reporter: good evening to you, major. toughest weather anywhere in the country in colorado today. thes wind gust 115 miles per hour. currently the winds are gusting around 60 miles an hour, down to te 50s, 40 miles per hour through the overnight hours. still it's really hard to fight any-fire-burning out there and no help from mother nature. more wind and rain. where the rain is falling from georgia to south carolina, severe thunderstorm threat for that area till 9:00 p.m. new year's eve, i'm going to focus from nashville to memphis, arkansas. new year's eve, that's where you have a risk for severe weather. into nears day, snowfall anywhere from kansas city through portions of the great lakes, detroit is cold as","[2, 3, 4, 5, 6, 7, 8, 9, 10, 11, 12, 13, 14, 15, 16, 17, 18, 19, 20, 21, 22, 23, 24, 25, 26, 27, 28, 29, 30, 31, 32, 33, 34, 35, 36, 37, 40, 48, 49, 50, 51, 52, 53, 54, 55, 56, 57, 58, 59, 60, 61, 62, 63, 64, 70]",14,False,"['report', 'severe']"
50,2021-12-30 5:37 PM,Tulsa,KOTV,"several communities were evacuated because of flooding like this, and the risk of mudslides, major. >> garrett: jonathan vigliotti, thank you. next to cbs's lonnie quinn with the forecast. lonnie, good evening. >> reporter: good evening to you, major. toughest weather anywhere in the country in colorado today. thes wind gust 115 miles per hour. currently the winds are gusting around 60 miles an hour, down to te 50s, 40 miles per hour through the overnight hours. still it's really hard to fight any-fire-burning out there and no help from mother nature. more wind and rain. where the rain is falling from georgia to south carolina, severe thunderstorm threat for that area till 9:00 p.m. new year's eve, i'm going to focus from nashville to memphis, arkansas. new year's eve, that's where you have a risk for severe weather. into nears day, snowfall anywhere from kansas city through portions of the great lakes, detroit is cold as","[2, 3, 4, 5, 6, 7, 8, 9, 10, 11, 12, 13, 14, 15, 16, 17, 18, 19, 20, 21, 22, 23, 24, 25, 26, 27, 28, 29, 30, 31, 32, 33, 34, 35, 36, 37, 40, 48, 49, 50, 51, 52, 53, 54, 55, 56, 57, 58, 59, 60, 61, 62, 63, 64, 70]",14,False,"['report', 'severe']"
51,2021-12-30 5:37 PM,San Antonio,KENS,"the evening ending overnight. several communities were evacuated because of flooding like this, and the risk of mudslides, major. >> garrett: jonathan vigliotti, thank you. next to cbs's lonnie quinn with the forecast. lonnie, good evening. >> reporter: good evening to you, major. toughest weather anywhere in the country in colorado today. thes wind gust 115 miles per hour. currently the winds are gusting around 60 miles an hour, down to te 50s, 40 miles per hour through the overnight hours. still it's really hard to fight any-fire-burning out there and no help from mother nature. more wind and rain. where the rain is falling from georgia to south carolina, severe thunderstorm threat for that area till 9:00 p.m. new year's eve, i'm going to focus from nashville to memphis, arkansas. new year's eve, that's where you have a risk for severe weather. into nears day, snowfall anywhere from kansas city through portions of the","[2, 3, 4, 5, 6, 7, 8, 9, 10, 11, 12, 13, 14, 15, 16, 17, 18, 19, 20, 21, 22, 23, 24, 25, 26, 27, 28, 29, 30, 31, 32, 33, 34, 35, 36, 37, 40, 48, 49, 50, 51, 52, 53, 54, 55, 56, 57, 58, 59, 60, 61, 62, 63, 64, 70]",14,False,"['report', 'severe']"
52,2021-12-30 5:37 PM,Milwaukee,WDJT,"the evening ending overnight. several communities were evacuated because of flooding like this, and the risk of mudslides, major. >> garrett: jonathan vigliotti, thank you. next to cbs's lonnie quinn with the forecast. lonnie, good evening. >> reporter: good evening to you, major. toughest weather anywhere in the country in colorado today. thes wind gust 115 miles per hour. currently the winds are gusting around 60 miles an hour, down to te 50s, 40 miles per hour through the overnight hours. still it's really hard to fight any-fire-burning out there and no help from mother nature. more wind and rain. where the rain is falling from georgia to south carolina, severe thunderstorm threat for that area till 9:00 p.m. new year's eve, i'm going to focus from nashville to memphis, arkansas. new year's eve, that's where you have a risk for severe weather. into nears day, snowfall anywhere from kansas city through portions of the great lakes, detroit is cold as","[2, 3, 4, 5, 6, 7, 8, 9, 10, 11, 12, 13, 14, 15, 16, 17, 18, 19, 20, 21, 22, 23, 24, 25, 26, 27, 28, 29, 30, 31, 32, 33, 34, 35, 36, 37, 40, 48, 49, 50, 51, 52, 53, 54, 55, 56, 57, 58, 59, 60, 61, 62, 63, 64, 70]",14,False,"['report', 'severe']"
53,2021-12-30 5:37 PM,Austin,KEYE,"the evening ending overnight. several communities were evacuated because of flooding like this, and the risk of mudslides, major. >> garrett: jonathan vigliotti, thank you. next to cbs's lonnie quinn with the forecast. lonnie, good evening. >> reporter: good evening to you, major. toughest weather anywhere in the country in colorado today. thes wind gust 115 miles per hour. currently the winds are gusting around 60 miles an hour, down to te 50s, 40 miles per hour through the overnight hours. still it's really hard to fight any-fire-burning out there and no help from mother nature. more wind and rain. where the rain is falling from georgia to south carolina, severe thunderstorm threat for that area till 9:00 p.m. new year's eve, i'm going to focus from nashville to memphis, arkansas. new year's eve, that's where you have a risk for severe weather. into nears day, snowfall anywhere from kansas city through portions of the great lakes, detroit is cold as","[2, 3, 4, 5, 6, 7, 8, 9, 10, 11, 12, 13, 14, 15, 16, 17, 18, 19, 20, 21, 22, 23, 24, 25, 26, 27, 28, 29, 30, 31, 32, 33, 34, 35, 36, 37, 40, 48, 49, 50, 51, 52, 53, 54, 55, 56, 57, 58, 59, 60, 61, 62, 63, 64, 70]",14,False,"['report', 'severe']"
54,2021-12-30 5:37 PM,Chicago,WBBM,"the evening ending overnight. several communities were evacuated because of flooding like this, and the risk of mudslides, major. >> garrett: jonathan vigliotti, thank you. next to cbs's lonnie quinn with the forecast. lonnie, good evening. >> reporter: good evening to you, major. toughest weather anywhere in the country in colorado today. thes wind gust 115 miles per hour. currently the winds are gusting around 60 miles an hour, down to te 50s, 40 miles per hour through the overnight hours. still it's really hard to fight any-fire-burning out there and no help from mother nature. more wind and rain. where the rain is falling from georgia to south carolina, severe thunderstorm threat for that area till 9:00 p.m. new year's eve, i'm going to focus from nashville to memphis, arkansas. new year's eve, that's where you have a risk for severe weather. into nears day, snowfall anywhere from kansas city through portions of the great lakes, detroit is cold as","[2, 3, 4, 5, 6, 7, 8, 9, 10, 11, 12, 13, 14, 15, 16, 17, 18, 19, 20, 21, 22, 23, 24, 25, 26, 27, 28, 29, 30, 31, 32, 33, 34, 35, 36, 37, 40, 48, 49, 50, 51, 52, 53, 54, 55, 56, 57, 58, 59, 60, 61, 62, 63, 64, 70]",14,False,"['report', 'severe']"
55,2021-12-30 5:37 PM,Memphis,WREG,"the evening ending overnight. several communities were evacuated because of flooding like this, and the risk of mudslides, major. >> garrett: jonathan vigliotti, thank you. next to cbs's lonnie quinn with the forecast. lonnie, good evening. >> reporter: good evening to you, major. toughest weather anywhere in the country in colorado today. thes wind gust 115 miles per hour. currently the winds are gusting around 60 miles an hour, down to te 50s, 40 miles per hour through the overnight hours. still it's really hard to fight any-fire-burning out there and no help from mother nature. more wind and rain. where the rain is falling from georgia to south carolina, severe thunderstorm threat for that area till 9:00 p.m. new year's eve, i'm going to focus from nashville to memphis, arkansas. new year's eve, that's where you have a risk for severe weather. into nears day, snowfall anywhere from kansas city through portions of the","[2, 3, 4, 5, 6, 7, 8, 9, 10, 11, 12, 13, 14, 15, 16, 17, 18, 19, 20, 21, 22, 23, 24, 25, 26, 27, 28, 29, 30, 31, 32, 33, 34, 35, 36, 37, 40, 48, 49, 50, 51, 52, 53, 54, 55, 56, 57, 58, 59, 60, 61, 62, 63, 64, 70]",14,False,"['report', 'severe']"
56,2021-12-30 5:37 PM,San Diego,KFMB,"mudslides, major. >> garrett: jonathan vigliotti, thank you. so, what's next? we turn to cbs' lonnie quinn with the forecast. lonnie, good evening. >> reporter: good evening to you, major.u, maj toughest weather anywhere in the country in colorado today. the strongest wind gust 115 miles per hour. currently the winds are gusting around 60 miles an hour, down to the 50s, 40 miles per hour through the overnight hours. still it's really hard to fight any-fire-burning out there and no help from mother nature. more wind than rain. where the rain is falling from georgia to south carolina, severe thunderstorm threat for that area until 9:00 p.m. what about new year's eve? new year's eve, i'm going to focus from nashville to memphis, over to arkansas. new year's eve, that's where you have a risk for severe weather. all the while into nears day, snowfall anywhere from kansas city through portions of the great lakes, detroit is cold as well. look at this temperature differential. saturday des moines will have a high of 11 degrees, 21 below average.","[2, 3, 4, 5, 6, 7, 8, 9, 11, 12, 13, 14, 15, 16, 17, 18, 19, 21, 22, 23, 24, 25, 26, 27, 28, 30, 32, 33, 34, 35, 36, 37, 48, 49, 50, 51, 52, 53, 54, 55, 56, 57, 59, 60, 61, 62, 64, 70]",14,False,"['degree', 'report', 'severe']"
57,2021-12-30 5:37 PM,Minneapolis-St. Paul,WCCO,"the evening ending overnight. several communities were evacuated because of flooding like this, and the risk of mudslides, major. >> garrett: jonathan vigliotti, thank you. next to cbs's lonnie quinn with the forecast. lonnie, good evening. >> reporter: good evening to you, major. toughest weather anywhere in the country in colorado today. thes wind gust 115 miles per hour. currently the winds are gusting around 60 miles an hour, down to te 50s, 40 miles per hour through the overnight hours. still it's really hard to fight any-fire-burning out there and no help from mother nature. more wind and rain. where the rain is falling from georgia to south carolina, severe thunderstorm threat for that area till 9:00 p.m. new year's eve, i'm going to focus from nashville to memphis, arkansas. new year's eve, that's where you have a risk for severe weather. into nears day, snowfall anywhere from kansas city through portions of the great lakes, detroit is cold as","[2, 3, 4, 5, 6, 7, 8, 9, 10, 11, 12, 13, 14, 15, 16, 17, 18, 19, 20, 21, 22, 23, 24, 25, 26, 27, 28, 29, 30, 31, 32, 33, 34, 35, 36, 37, 40, 48, 49, 50, 51, 52, 53, 54, 55, 56, 57, 58, 59, 60, 61, 62, 63, 64, 70]",14,False,"['report', 'severe']"
58,2021-12-30 5:37 PM,Kansas City,KCTV,"and here in southern california, the rain will continue through the evening ending overnight. several communities were evacuated because of flooding like this, and the risk of mudslides, major. >> garrett: jonathan vigliotti, thank you. next to cbs's lonnie quinn with the forecast. lonnie, good evening. >> reporter: good evening to you, major. toughest weather anywhere in the country in colorado today. thes wind gust 115 miles per hour. currently the winds are gusting around 60 miles an hour, down to te 50s, 40 miles per hour through the overnight hours. still it's really hard to fight any-fire-burning out there and no help from mother nature. more wind and rain. where the rain is falling from georgia to south carolina, severe thunderstorm threat for that area till 9:00 p.m. new year's eve, i'm going to focus from nashville to memphis, arkansas. new year's eve, that's where you have a risk for severe weather. into nears day, snowfall anywhere from kansas city","[2, 3, 4, 5, 6, 7, 8, 10, 11, 12, 13, 14, 15, 17, 18, 19, 20, 21, 22, 23, 24, 25, 26, 27, 28, 29, 30, 31, 32, 33, 34, 35, 36, 37, 40, 48, 49, 50, 51, 52, 53, 54, 55, 57, 58, 60, 62, 63, 64, 70]",14,False,"['report', 'severe']"
59,2021-12-30 5:37 PM,Las Vegas,KLAS,"mudslides, major. >> garrett: jonathan vigliotti, thank you. so, what's next? we turn to cbs' lonnie quinn with the forecast. lonnie, good evening. >> reporter: good evening to you, major.u, maj toughest weather anywhere in the country in colorado today. the strongest wind gust 115 miles per hour. currently the winds are gusting around 60 miles an hour, down to the 50s, 40 miles per hour through the overnight hours. still it's really hard to fight any-fire-burning out there and no help from mother nature. more wind than rain. where the rain is falling from georgia to south carolina, severe thunderstorm threat for that area until 9:00 p.m. what about new year's eve? new year's eve, i'm going to focus from nashville to memphis, over to arkansas. new year's eve, that's where you have a risk for severe weather. all the while into nears day, snowfall anywhere from kansas city through portions of the great lakes, detroit is cold as well. look at this temperature differential. saturday des moines will have a high of 11 degrees, 21 below","[2, 3, 4, 5, 6, 7, 8, 9, 11, 12, 13, 14, 15, 16, 17, 18, 19, 21, 22, 23, 24, 25, 26, 27, 28, 30, 32, 33, 34, 35, 36, 37, 48, 49, 50, 51, 52, 53, 54, 55, 56, 57, 59, 60, 61, 62, 64, 70]",14,False,"['degree', 'report', 'severe']"
60,2021-12-30 5:37 PM,New Orleans,WWL,"the evening ending overnight. several communities were evacuated because of flooding like this, and the risk of mudslides, major. >> garrett: jonathan vigliotti, thank you. next to cbs's lonnie quinn with the forecast. lonnie, good evening. >> reporter: good evening to you, major. toughest weather anywhere in the country in colorado today. thes wind gust 115 miles per hour. currently the winds are gusting around 60 miles an hour, down to te 50s, 40 miles per hour through the overnight hours. still it's really hard to fight any-fire-burning out there and no help from mother nature. more wind and rain. where the rain is falling from georgia to south carolina, severe thunderstorm threat for that area till 9:00 p.m. new year's eve, i'm going to focus from nashville to memphis, arkansas. new year's eve, that's where you have a risk for severe weather. into nears day, snowfall anywhere from kansas city through portions of the","[2, 3, 4, 5, 6, 7, 8, 9, 10, 11, 12, 13, 14, 15, 16, 17, 18, 19, 20, 21, 22, 23, 24, 25, 26, 27, 28, 29, 30, 31, 32, 33, 34, 35, 36, 37, 40, 48, 49, 50, 51, 52, 53, 54, 55, 56, 57, 58, 59, 60, 61, 62, 63, 64, 70]",14,False,"['report', 'severe']"
61,2021-12-30 5:37 PM,Las Vegas,KLAS,"mudslides, major. >> garrett: jonathan vigliotti, thank you. so, what's next? we turn to cbs' lonnie quinn with the forecast. lonnie, good evening. >> reporter: good evening to you, major.u, maj toughest weather anywhere in the country in colorado today. the strongest wind gust 115 miles per hour. currently the winds are gusting around 60 miles an hour, down to the 50s, 40 miles per hour through the overnight hours. still it's really hard to fight any-fire-burning out there and no help from mother nature. more wind than rain. where the rain is falling from georgia to south carolina, severe thunderstorm threat for that area until 9:00 p.m. what about new year's eve? new year's eve, i'm going to focus from nashville to memphis, over to arkansas. new year's eve, that's where you have a risk for severe weather. all the while into nears day, snowfall anywhere from kansas city through portions of the great lakes, detroit is cold as well. look at this temperature differential. saturday des moines will have a high of 11 degrees, 21 below","[2, 3, 4, 5, 6, 7, 8, 9, 11, 12, 13, 14, 15, 16, 17, 18, 19, 21, 22, 23, 24, 25, 26, 27, 28, 30, 32, 33, 34, 35, 36, 37, 48, 49, 50, 51, 52, 53, 54, 55, 56, 57, 59, 60, 61, 62, 64, 70]",14,False,"['degree', 'report', 'severe']"
62,2021-12-30 5:37 PM,New Orleans,WWL,"the evening ending overnight. several communities were evacuated because of flooding like this, and the risk of mudslides, major. >> garrett: jonathan vigliotti, thank you. next to cbs's lonnie quinn with the forecast. lonnie, good evening. >> reporter: good evening to you, major. toughest weather anywhere in the country in colorado today. thes wind gust 115 miles per hour. currently the winds are gusting around 60 miles an hour, down to te 50s, 40 miles per hour through the overnight hours. still it's really hard to fight any-fire-burning out there and no help from mother nature. more wind and rain. where the rain is falling from georgia to south carolina, severe thunderstorm threat for that area till 9:00 p.m. new year's eve, i'm going to focus from nashville to memphis, arkansas. new year's eve, that's where you have a risk for severe weather. into nears day, snowfall anywhere from kansas city through portions of the","[2, 3, 4, 5, 6, 7, 8, 9, 10, 11, 12, 13, 14, 15, 16, 17, 18, 19, 20, 21, 22, 23, 24, 25, 26, 27, 28, 29, 30, 31, 32, 33, 34, 35, 36, 37, 40, 48, 49, 50, 51, 52, 53, 54, 55, 56, 57, 58, 59, 60, 61, 62, 63, 64, 70]",14,False,"['report', 'severe']"
63,2021-12-30 5:37 PM,St. Louis,KMOV,"and here in southern california, the rain will continue through the evening ending overnight. several communities were evacuated because of flooding like this, and the risk of mudslides, major. >> garrett: jonathan vigliotti, thank you. next to cbs's lonnie quinn with the forecast. lonnie, good evening. >> reporter: good evening to you, major. toughest weather anywhere in the country in colorado today. thes wind gust 115 miles per hour. currently the winds are gusting around 60 miles an hour, down to te 50s, 40 miles per hour through the overnight hours. still it's really hard to fight any-fire-burning out there and no help from mother nature. more wind and rain. where the rain is falling from georgia to south carolina, severe thunderstorm threat for that area till 9:00 p.m. new year's eve, i'm going to focus from nashville to memphis, arkansas. new year's eve, that's where you have a risk for severe weather. into nears day, snowfall","[2, 3, 4, 5, 6, 7, 8, 10, 11, 12, 13, 14, 15, 17, 18, 19, 20, 21, 22, 23, 24, 25, 26, 27, 28, 29, 30, 31, 32, 33, 34, 35, 36, 37, 40, 48, 49, 50, 51, 52, 53, 54, 55, 57, 58, 60, 62, 63, 64, 70]",14,False,"['report', 'severe']"
64,2021-12-30 5:37 PM,Oklahoma City,KWTV,"several communities were evacuated because of flooding like this, and the risk of mudslides, major. >> garrett: jonathan vigliotti, thank you. next to cbs's lonnie quinn with the forecast. lonnie, good evening. >> reporter: good evening to you, major. toughest weather anywhere in the country in colorado today. thes wind gust 115 miles per hour. currently the winds are gusting around 60 miles an hour, down to te 50s, 40 miles per hour through the overnight hours. still it's really hard to fight any-fire-burning out there and no help from mother nature. more wind and rain. where the rain is falling from georgia to south carolina, severe thunderstorm threat for that area till 9:00 p.m. new year's eve, i'm going to focus from nashville to memphis, arkansas. new year's eve, that's where you have a risk for severe weather. into nears day, snowfall anywhere from kansas city through portions of the great lakes, detroit is cold as","[2, 3, 4, 5, 6, 7, 8, 9, 10, 11, 12, 13, 14, 15, 16, 17, 18, 19, 20, 21, 22, 23, 24, 25, 26, 27, 28, 29, 30, 31, 32, 33, 34, 35, 36, 37, 40, 48, 49, 50, 51, 52, 53, 54, 55, 56, 57, 58, 59, 60, 61, 62, 63, 64, 70]",14,False,"['report', 'severe']"
65,2021-12-30 5:34 PM,Pittsburgh,KDKA,"they are calling this now the marshall-fire-and we're told it just crossed a major highway. you can see that smoke there in the background. strong winds are fueling the flames. so far we do not have any word of any injuries. >>> many people like to hone their cooking skills during the holidays, but experts say some commonly used ingredients could contain some harmful heavy chemicals. here's the explanation. >> reporter: most of us add spices to our foods without much thought, but there could be problems with some of them. >> of all the spices we investigated one-third of them had concerning levels of heavy metals, lead, cadmium or arsenic. >> reporter: chief scientific officer james dickerson says consumer reports tested 126 herbs and spices from 38 different companies. in every brand of oregano and thyme concerning levels of",[65],65,True,['report']
66,2021-12-30 5:31 PM,Sacramnto-Stkton-Modesto,KOVR,"signatures, here. this is where we have had flames in the past six hours. you can see here, superior, look at this area. this is the area that is devastated with 580 structures gone. you can see these communities, down here, where we have been watching pictures of the homes burning. that's where we pull out, wide. we have more communities that are also threatened. we know evacuations are in place in bloomfield and louisville, here. we also have evacuations. so, boulder, colorado is here, north and west of the fire. we have heard of evacuations in the southern part of older, colorado. so, tomorrow, we are expanding expecting a winter snow warning and it could be 5 to 10 inches of snow. looking ahead to our fire season, we are looking and wondering, is all the snow and rain with records in september, is that a record?",[66],66,True,['record']
67,2021-12-30 5:17 PM,Tulsa,KOTV,"sun. morning satellite imagery right now we have one system out to the southwest all over the ocean but starting to turn up a lot of energy and a lot of moisture bringing that right over oklahoma so the clouds have been picking up over the course of the day the mid to high up mid to high level clouds and then on satellite right here is that-fire-that i told you about the beginning of the newscast is a very large fire. 2 of them but one doing significantly more damage on the north side of denver's just southeast of boulder and so there's quite a bit of structure damage. it's a dangerous situation for those guys if you know anybody that lives on the north side of denver. you might check in all right then for tomorrow night the storm system coming in is going to start to develop showers thunderstorms some of which could be strong to severe so this is our storm zone for late fri. night early sat. morning. all modes of severe weather will be possible so large hail damaging winds and the tornado risk is low, but still it's there and we'll be watching closely. highest probability of strong to severe storms will be across pittsburgh over to le flore county, southern sequoyah",[67],67,True,"['energy', 'severe']"
68,2021-12-30 5:14 PM,"Portland, OR",KOIN,">> to breaking news now, this is a live look in northern colorado with more than 30,000 people have been told to evacuate because the wildfires in late december, the city of lewisville, the town of superior have all been ordered to evacuate. both towns are about 20 miles northwest of denver. the sheriff says hundreds of homes have been destroyed. we're told some of the-fire-started from power lines that came down driven by high winds. >> covid cases in the u.s. are at their highest level on record. that's forcing some to rethink their new year's eve plans. michael george is in times square where the celebration has been scaled back. >> 2021 is going out with a as",[68],68,True,['record']
69,2021-12-30 5:12 PM,San Diego,KFMB,"thousands of people have been ordered to evacuate because of wind fueled wildfires. twenty one thousand people in fact were told to leave the community of louisville today. thirteen thousand people in neighboring superior were also ordered to evacuate. the two towns are roughly 20 miles northwest of denver, a nearby portion of us highway thirty six also were shut down because of-fire-winds in that area as you can see from some of this video are gusting up to one hundred and five miles an hour back here in california, winter storms have brought heavy rain and mudslides. this was the scene at a campground in malibu today where several campers got trapped by floodwaters. l.a. county-fire-crews are called to help get those people to higher ground. one camper says they saw crews helping a mother and her baby into a boat. meanwhile up in the mountains, california is collecting a whole lot of snow. photojournalist colin murphy talked with news8 shannon handy who is caught up in the record breaking snow as she and her family vacation in",[69],69,True,"['record', 'record breaking']"
70,2021-12-30 5:07 PM,Albuquerque-Santa Fe,KRQE,"the evening ending overnight. several communities were evacuated because of flooding like this, and the risk of mudslides, major. >> garrett: jonathan vigliotti, thank you. so, what's next? we turn to cbs' lonnie quinn with the forecast. lonnie, good evening. >> reporter: good evening to you, major. toughest weather anywhere in the country in colorado today. these wind gust 115 miles per hour. currently the winds are gusting around 60 miles an hour, down to the 50s, 40 miles per hour through the overnight hours. still it's really hard to fight any-fire-burning out there and no help from mother nature. more wind than rain. where the rain is falling from georgia to south carolina, severe thunderstorm threat for that area till 9:00 p.m. what about new year's eve? new year's eve, i'm going to focus from nashville to memphis, arkansas. new year's eve, that's where you have a risk for severe weather. into nears day, snowfall anywhere from kansas city city through portions of the great lakes, detroit is cold as well.","[2, 3, 4, 5, 6, 7, 8, 9, 10, 11, 12, 13, 14, 15, 16, 17, 18, 19, 20, 21, 22, 23, 24, 25, 26, 27, 28, 29, 30, 31, 32, 33, 34, 35, 36, 37, 40, 48, 49, 50, 51, 52, 53, 54, 55, 56, 57, 58, 59, 60, 61, 62, 63, 64, 70]",14,False,"['report', 'severe']"
71,2021-12-30 5:06 PM,Phoenix (Prescott),KPHO,"into the central rockies, and it is a dangerous wind event today. i know jared has been updating you on that on going grass fire in boulderer county, colorado. we have winter storm warnings and advisories in effect for above 6,000 people in flagstaff. they go through saturday morning 5:00 a.m. taking a look at the active radar. we have showers in the tucson area. in the southwestern corner of the county, just north and west of aho just a little bit of rain falling, hopefully making its way to the ground. it's not a pine cone. it's not a tortilla chip, but your forecast is 52 degrees with scattered rain showers. if you'rous you're going to be getting wet through friday",[71],71,True,['degree']
72,2021-12-30 5:04 PM,Sacramnto-Stkton-Modesto,KOVR,"we couple that with relative humidity anywhere from 10 to 20% , and that is the making of a fire. now in addition to that, the firestorm itself generates erratic winds , and all of this will be hampering firefighter efforts as the system begins to move in but now we are going to see this area varied as much as a foot of snow. so, it is a very interesting combination in a very deadly one, obviously. >> thank you. >> it is a tale of two different regions breaking news where we have the mounting emergency in the foothills and the sierra with a power outage. we are just starting out the power is back on for some people",[72],72,True,[]
73,2021-12-30 5:02 PM,Sacramnto-Stkton-Modesto,KOVR,"much damage will be assessed as well. >> we stand corrected. we are going to take it from a reporter on the scene, that count is pronounced louisville. you see the people evacuated and you can see the ash and debris burning all around the vehicles. you can see just the smoke and what it does when you look up towards the sun. while we are talking about extreme drought conditions, we are talking about the low humidity's and things we see around here in the summer. it is pretty wild to think that a winter storm warning is issued for the same area. starting tomorrow morning, the national weather service there i am reading here says that we can expect 5 to 10 inches of snow by saturday. >> we have a lot of interesting elements going on with this fire. first of all, you can see how tightly packed our lines hard.",[73],73,True,['report']
74,2021-12-30 5:01 PM,Sacramnto-Stkton-Modesto,KOVR,">> the-fire-crews now left the scene knowing that they cannot do anything to try and save these homes because the wind is too strong and quite frankly, the-fire-is too hot. we are a few hundred yards away, and we can feel a bit of the heat. many of these homes have been completely taken down from the foundation. one thing that is new there you're seeing right now is that a lot of this smoke is now clearing the area, and what that means is that a lot of the smoke that burned through the town of superior has now cleared out, so we are really looking through this drainage. we can see some embers burning.",[74],74,True,[]
